id_img,label
18341,sadness
13176,sadness
23945,happy
15968,happy
18382,happy
08256,sadness
21635,happy
02418,sadness
04515,sadness
27618,happy
09674,happy
11539,happy
25664,sadness
14930,sadness
15667,happy
07682,sadness
16581,sadness
23973,happy
00180,happy
13253,sadness
25382,sadness
16148,sadness
21656,sadness
11803,happy
15072,sadness
11961,sadness
17382,sadness
14261,happy
03539,sadness
02827,happy
14139,sadness
12059,happy
18734,happy
25703,happy
27738,sadness
24609,happy
20560,sadness
06807,happy
07115,happy
12786,sadness
15312,happy
24494,happy
17673,sadness
15066,sadness
12951,happy
27063,sadness
26677,happy
26443,sadness
16724,happy
24828,happy
24755,happy
27128,sadness
18767,happy
18427,happy
11553,sadness
26993,happy
17077,happy
26994,happy
11041,sadness
06750,sadness
09714,happy
11152,sadness
08892,sadness
20342,happy
16712,sadness
11227,happy
09192,happy
12772,happy
09746,happy
23201,happy
26142,sadness
12920,sadness
25843,happy
05128,happy
22484,happy
27076,sadness
00527,sadness
27717,happy
15468,sadness
22466,happy
02514,happy
24743,sadness
01834,sadness
14106,happy
20243,sadness
25317,happy
17595,sadness
11332,sadness
13715,sadness
08714,happy
05936,sadness
23154,sadness
02449,happy
22071,happy
09984,sadness
11833,sadness
13819,happy
27484,sadness
24355,happy
16835,sadness
12591,happy
10120,happy
27956,happy
08251,sadness
13368,happy
27140,happy
20937,sadness
23489,happy
22002,sadness
11681,sadness
11516,happy
14133,sadness
15868,sadness
10547,happy
23409,sadness
06529,sadness
07808,happy
26600,sadness
25096,happy
11230,happy
28140,happy
13985,sadness
25282,happy
27324,sadness
16192,happy
07000,happy
20232,happy
26290,happy
03951,happy
21486,sadness
07573,sadness
19620,happy
09318,happy
08641,happy
08544,sadness
20576,sadness
12426,sadness
10157,sadness
21375,sadness
05070,happy
15274,happy
06696,sadness
09932,happy
15183,sadness
08028,sadness
00456,sadness
20964,happy
17905,sadness
12653,sadness
14332,sadness
08923,sadness
15288,sadness
05004,sadness
00025,sadness
18231,sadness
12773,happy
13968,sadness
12739,happy
03752,sadness
14102,sadness
17747,happy
20425,sadness
25240,happy
17488,happy
17499,happy
14658,happy
07870,sadness
16327,happy
00139,happy
18186,sadness
22604,happy
10469,sadness
24198,happy
20175,sadness
25275,sadness
18805,sadness
20054,happy
05183,happy
08911,sadness
09180,happy
11049,happy
28574,sadness
00580,sadness
08886,happy
19168,sadness
03649,happy
19851,happy
25004,sadness
13261,sadness
22828,sadness
25935,happy
27613,happy
10176,sadness
24867,sadness
18165,sadness
14280,sadness
15508,sadness
24019,happy
25364,sadness
09740,happy
12239,happy
02342,sadness
21795,happy
04940,sadness
11122,sadness
09517,sadness
14074,happy
14800,sadness
22335,happy
23214,sadness
02576,sadness
20321,happy
02197,sadness
11989,sadness
10425,sadness
28465,sadness
14472,sadness
19367,happy
23220,happy
07430,happy
14070,happy
14245,happy
09744,happy
25407,sadness
19241,happy
19892,happy
14655,happy
21406,happy
15479,sadness
07579,sadness
13026,happy
26903,happy
03922,happy
11819,sadness
23923,happy
21691,happy
10140,sadness
20784,happy
09576,happy
15589,happy
27283,happy
12725,sadness
17977,happy
23383,sadness
24498,happy
21344,happy
16699,sadness
00127,happy
05744,happy
21527,happy
17079,happy
11795,sadness
10283,sadness
15067,sadness
27143,happy
28337,sadness
23088,sadness
23279,sadness
20909,happy
17494,happy
23779,sadness
05336,sadness
16174,sadness
17300,happy
04949,happy
19493,sadness
24773,sadness
27102,happy
09067,happy
02048,happy
09197,happy
03385,sadness
12246,sadness
14233,sadness
08372,happy
24425,sadness
23712,sadness
21006,happy
09332,happy
16820,sadness
14032,sadness
26797,happy
12686,happy
26445,happy
08418,happy
24222,happy
00623,happy
23374,sadness
15053,sadness
24545,sadness
18782,happy
15877,sadness
03271,sadness
23573,sadness
14275,happy
25951,sadness
13365,sadness
21710,happy
26406,sadness
06330,happy
18320,happy
20830,happy
17202,happy
19946,sadness
16088,happy
19459,happy
22051,happy
16443,sadness
19285,sadness
06866,sadness
20165,happy
19530,happy
25205,happy
26837,happy
24465,sadness
09534,happy
23024,sadness
12804,sadness
14328,sadness
28309,sadness
19385,sadness
10829,sadness
20138,sadness
22262,happy
27185,sadness
03118,happy
19616,happy
02658,happy
14588,happy
06824,happy
22639,happy
14442,sadness
26270,happy
05892,happy
27213,sadness
26249,sadness
21426,sadness
21529,happy
19409,sadness
21678,sadness
17518,happy
10640,happy
16715,sadness
25832,happy
15171,happy
23380,happy
26558,sadness
03846,happy
27513,sadness
08217,happy
21324,happy
26011,happy
24319,happy
08851,sadness
12438,happy
27417,sadness
20323,sadness
20733,happy
24112,happy
11351,sadness
26761,happy
12130,sadness
19827,sadness
09917,happy
18308,happy
26870,sadness
21469,sadness
15939,sadness
09042,sadness
24524,happy
12103,sadness
26383,sadness
17326,happy
06640,happy
27097,sadness
19449,sadness
21177,sadness
05581,happy
27695,sadness
17498,sadness
02618,happy
25351,happy
01943,happy
12174,happy
11701,happy
21162,happy
08012,sadness
21760,happy
23359,happy
20727,happy
25438,sadness
10400,happy
12387,sadness
06646,sadness
08039,sadness
18316,happy
14109,sadness
19646,happy
12057,sadness
11477,happy
22117,sadness
00453,sadness
24099,sadness
13846,happy
00752,happy
21884,happy
13222,sadness
25777,happy
12590,sadness
23897,sadness
19568,sadness
14038,happy
00635,sadness
26781,happy
23853,happy
23339,happy
10187,happy
18383,sadness
16040,sadness
11880,sadness
16004,sadness
02775,sadness
07317,happy
13760,sadness
13011,happy
06706,sadness
10713,happy
22878,happy
06354,sadness
14250,sadness
28118,happy
17011,sadness
13127,happy
10422,happy
18144,sadness
07122,sadness
23864,happy
10341,happy
24352,sadness
18843,sadness
26888,happy
00475,sadness
23776,happy
28291,happy
12220,happy
14809,happy
27014,happy
07714,happy
14119,sadness
19965,sadness
21019,sadness
03469,sadness
20626,happy
09708,happy
20125,happy
25259,happy
00145,happy
24459,happy
25675,happy
27663,happy
28420,sadness
25961,sadness
28350,sadness
02187,happy
26801,sadness
03492,happy
15228,sadness
21303,sadness
27402,happy
07564,sadness
22728,happy
20850,happy
22120,sadness
27121,happy
25744,happy
13051,happy
23580,happy
02679,sadness
18127,sadness
11142,happy
20679,sadness
13473,happy
14345,sadness
17426,happy
19858,sadness
06539,sadness
09057,happy
13366,happy
02698,happy
00366,sadness
07763,happy
25839,happy
23073,happy
27265,happy
26983,sadness
11384,happy
22778,happy
24499,happy
16407,sadness
26007,happy
16393,happy
09063,sadness
11207,sadness
22343,happy
10089,sadness
13575,happy
16710,sadness
09492,sadness
21546,sadness
21713,happy
26769,happy
24386,sadness
00234,happy
18959,sadness
22495,sadness
01896,happy
13294,happy
04860,happy
09929,happy
17972,sadness
01706,happy
21966,happy
28272,sadness
03360,sadness
21058,happy
02008,happy
19952,sadness
19578,sadness
10383,sadness
20218,happy
14334,happy
26709,sadness
25395,sadness
15685,sadness
08484,sadness
06376,happy
23013,happy
20749,happy
26869,happy
18454,happy
08479,sadness
00318,happy
12757,happy
13000,happy
08753,sadness
00348,sadness
24656,sadness
24823,happy
14533,happy
16151,sadness
20735,sadness
14618,sadness
24786,sadness
00408,sadness
20260,happy
13878,sadness
24633,happy
16579,sadness
15365,sadness
16908,happy
24488,happy
22401,happy
07018,happy
01751,happy
17306,happy
19865,happy
22622,sadness
13693,happy
24776,happy
06868,happy
20829,sadness
26950,sadness
18392,sadness
11799,happy
25257,sadness
18711,sadness
20176,happy
18255,happy
07563,sadness
21583,sadness
22011,sadness
18820,sadness
23288,sadness
26543,happy
09904,happy
04603,happy
00162,happy
22364,happy
12260,sadness
20558,sadness
23685,happy
20202,sadness
15697,sadness
24173,happy
16782,happy
09028,sadness
14833,sadness
16849,happy
08226,sadness
12868,happy
22371,happy
08960,sadness
13332,sadness
20322,happy
10632,sadness
06047,happy
24534,sadness
23710,happy
24153,sadness
07287,happy
11662,happy
24796,happy
22032,sadness
02714,sadness
23740,happy
19002,happy
18126,happy
12415,happy
18867,sadness
27436,happy
19817,happy
26230,sadness
23979,sadness
04192,sadness
23612,sadness
15077,happy
23354,sadness
07685,happy
14048,sadness
23499,happy
19206,sadness
17539,happy
26593,happy
21513,sadness
11254,happy
16799,happy
24055,sadness
09447,happy
26830,sadness
01724,happy
13977,happy
08686,happy
20210,happy
21306,sadness
08294,sadness
09841,sadness
11063,happy
19489,happy
21294,sadness
01598,happy
23089,happy
05882,sadness
16541,happy
12861,sadness
11091,happy
10871,happy
25658,happy
20780,happy
15619,sadness
17406,happy
22566,sadness
23432,happy
15397,sadness
13454,happy
11726,sadness
27135,sadness
25676,happy
02249,happy
15846,happy
21378,happy
08026,happy
17726,happy
08480,happy
00032,happy
06978,happy
23807,happy
24219,happy
17286,sadness
20685,sadness
03149,sadness
21238,sadness
20502,sadness
18406,happy
18076,sadness
21931,happy
26501,sadness
28290,sadness
19096,sadness
14625,sadness
13412,sadness
23829,happy
01314,sadness
14343,happy
01931,happy
20151,happy
26867,sadness
22768,happy
27220,happy
00339,happy
13945,sadness
19625,happy
22448,happy
24382,happy
11046,happy
10670,happy
12318,sadness
11520,sadness
17950,happy
23925,sadness
26819,happy
05409,sadness
18666,sadness
08572,sadness
02815,happy
19699,happy
19279,happy
06039,sadness
25159,sadness
10561,sadness
25986,happy
00927,sadness
13907,happy
08093,happy
15319,happy
20906,happy
24381,happy
25170,happy
09625,happy
09910,happy
09003,happy
20722,happy
22569,happy
24891,sadness
08395,sadness
17068,happy
16749,happy
23417,sadness
28536,happy
22966,sadness
19371,happy
19336,happy
16314,sadness
24274,sadness
22493,sadness
28242,happy
10083,happy
28090,happy
16532,happy
21291,happy
13766,happy
01481,sadness
21481,happy
24986,happy
14516,happy
27354,happy
22057,sadness
14320,sadness
23711,sadness
15203,sadness
18722,happy
22950,sadness
16791,sadness
24766,sadness
16203,sadness
12379,happy
17556,happy
10880,happy
18675,sadness
12705,happy
04177,happy
19930,sadness
18726,sadness
14122,sadness
19514,happy
08467,happy
26791,happy
21266,happy
26201,sadness
28171,happy
24521,happy
10218,sadness
25500,happy
11752,sadness
25430,happy
10514,happy
23789,sadness
03477,happy
15640,sadness
26222,sadness
27320,happy
04153,happy
20488,happy
25463,sadness
05862,happy
16258,happy
11897,sadness
10502,happy
20040,sadness
11260,happy
21519,sadness
22631,sadness
17740,happy
08773,sadness
07741,happy
00424,happy
01030,sadness
15024,happy
19487,happy
10078,happy
02530,sadness
25947,happy
25602,happy
24561,sadness
21040,happy
04400,sadness
00458,sadness
02671,happy
23832,sadness
12190,happy
15507,happy
08584,happy
24115,sadness
20181,happy
22865,happy
17545,happy
13361,happy
14491,happy
18196,happy
12878,sadness
27848,sadness
20401,happy
08106,happy
16511,happy
10665,sadness
21389,sadness
07702,sadness
15980,happy
14684,sadness
17086,sadness
03762,happy
11035,happy
10231,happy
18421,happy
13832,happy
21942,sadness
22543,happy
12345,sadness
11838,sadness
21194,happy
17872,sadness
27708,happy
20658,happy
02966,sadness
08876,sadness
10153,happy
18549,happy
08861,sadness
21582,sadness
13546,sadness
22470,happy
08507,happy
20566,sadness
02467,happy
16622,sadness
08821,happy
05689,sadness
26459,happy
16991,sadness
24997,sadness
21518,sadness
23016,sadness
19001,sadness
27887,sadness
13818,sadness
07724,happy
23875,happy
14059,happy
06541,sadness
07569,sadness
19366,happy
23472,sadness
11800,happy
18520,happy
07642,sadness
10537,happy
10546,sadness
10806,happy
03033,sadness
10432,happy
19592,happy
21428,sadness
10860,happy
03062,happy
08981,sadness
14285,sadness
13346,happy
08908,sadness
13093,sadness
07467,happy
14729,happy
05798,happy
24234,happy
16957,happy
22829,sadness
07940,happy
26205,happy
00172,sadness
16368,happy
20975,happy
17203,sadness
14301,sadness
23518,sadness
20362,sadness
16837,sadness
25475,happy
19862,happy
05348,happy
17080,sadness
28132,sadness
26430,sadness
12818,happy
26510,sadness
16227,sadness
24833,sadness
20005,happy
02087,happy
19148,sadness
09086,happy
28409,sadness
22870,happy
24367,happy
18847,happy
16595,sadness
24860,sadness
26752,happy
06210,sadness
08561,happy
15875,sadness
15243,sadness
18537,sadness
24385,happy
12346,happy
15006,sadness
15269,happy
19062,happy
18349,happy
24410,happy
14714,sadness
13105,sadness
20170,sadness
22618,happy
26591,happy
07532,sadness
25204,sadness
05970,happy
26071,happy
21036,sadness
27005,happy
28688,happy
10332,happy
12197,happy
19074,happy
09914,sadness
18151,happy
18153,sadness
09825,happy
03769,happy
21425,happy
10735,happy
07501,happy
20155,happy
20966,happy
14700,sadness
24144,sadness
17136,sadness
03463,happy
08918,happy
21632,sadness
12065,happy
08651,happy
26855,happy
10428,happy
17686,happy
03317,sadness
08449,happy
01364,sadness
08242,sadness
10844,happy
24645,happy
07743,happy
17003,sadness
08157,happy
12956,sadness
08756,sadness
11073,sadness
13180,sadness
22866,sadness
11621,sadness
18578,happy
10114,happy
24436,happy
10864,happy
25105,happy
11808,sadness
25850,sadness
27162,happy
06897,happy
21115,happy
18872,sadness
12558,happy
00631,sadness
25231,happy
18244,sadness
27038,sadness
04505,sadness
10856,happy
17220,happy
23697,happy
06964,happy
14725,happy
20315,sadness
12916,happy
26371,happy
00380,sadness
22724,sadness
05903,happy
28523,happy
09794,sadness
13073,happy
26128,sadness
13156,happy
18925,sadness
21185,happy
23575,happy
18424,sadness
08562,sadness
21738,happy
20219,sadness
00990,happy
26995,sadness
11835,sadness
11957,happy
03125,sadness
12164,sadness
09469,happy
12550,happy
14254,sadness
00839,happy
21005,sadness
10074,happy
24614,happy
19261,sadness
12158,sadness
07269,happy
20341,sadness
11806,sadness
20072,happy
10637,sadness
06128,sadness
13873,sadness
15460,sadness
01348,sadness
15516,sadness
27504,sadness
09294,sadness
18246,happy
14746,happy
20656,sadness
25368,happy
07212,sadness
09542,happy
28396,happy
15477,sadness
11909,sadness
25757,sadness
24610,happy
20324,sadness
07662,happy
18789,happy
02950,sadness
10794,happy
23865,happy
27596,sadness
05847,happy
13373,sadness
05123,sadness
18090,happy
08551,sadness
11116,happy
13060,sadness
11998,sadness
12372,sadness
22149,happy
18503,sadness
02609,happy
06142,sadness
00063,happy
08087,sadness
18297,happy
11380,sadness
12301,sadness
25068,sadness
23567,happy
22539,sadness
22323,sadness
07619,happy
00426,sadness
07151,happy
07782,happy
13583,sadness
17175,happy
00024,sadness
10313,sadness
23572,sadness
18414,happy
23001,sadness
08495,happy
03403,sadness
02802,sadness
13570,happy
14749,happy
26339,sadness
10039,happy
14922,happy
10128,sadness
07731,happy
21897,sadness
10870,sadness
25644,sadness
11192,sadness
08879,happy
04395,happy
19282,sadness
10996,sadness
24648,happy
14136,happy
17356,sadness
15423,happy
07623,happy
10648,sadness
10416,sadness
17257,happy
23451,happy
04281,happy
15606,sadness
01937,sadness
13091,happy
12306,sadness
25184,sadness
12191,happy
16170,happy
17542,sadness
06324,sadness
17097,sadness
21198,happy
06264,sadness
11330,sadness
24866,happy
04736,happy
22141,happy
06022,sadness
17098,happy
17953,happy
25666,sadness
08391,sadness
21096,happy
16129,sadness
27719,sadness
09013,sadness
00730,happy
07540,sadness
07848,happy
17748,sadness
25186,sadness
12526,happy
14238,sadness
21842,happy
12157,sadness
09322,happy
05261,sadness
19026,happy
13598,happy
13444,sadness
21892,happy
14823,happy
14236,happy
14673,happy
00910,sadness
12658,happy
09269,sadness
15964,happy
03339,happy
04697,happy
08322,sadness
28033,happy
14766,happy
23675,happy
16426,happy
13641,sadness
27940,sadness
09382,sadness
27517,sadness
25734,sadness
26641,happy
00284,happy
20445,sadness
02964,happy
21450,happy
03618,sadness
27182,happy
00688,happy
13015,sadness
02451,happy
03495,sadness
07044,sadness
19772,happy
02690,happy
13385,sadness
01329,happy
18955,happy
09280,sadness
09476,sadness
12066,happy
18673,sadness
18340,happy
10366,happy
03885,sadness
15517,sadness
28034,happy
04874,sadness
10919,happy
18906,sadness
14649,sadness
21414,sadness
19460,sadness
22831,sadness
20469,happy
25357,happy
17661,happy
14683,sadness
19428,happy
18746,sadness
14078,sadness
24577,happy
22736,sadness
09875,happy
25232,happy
16347,happy
22803,sadness
17014,sadness
21488,sadness
09158,happy
24596,happy
03316,sadness
23092,happy
27305,happy
27953,happy
13637,sadness
02459,happy
15690,happy
16274,sadness
13406,sadness
23430,happy
13027,sadness
09845,happy
17684,happy
20440,happy
11853,sadness
15528,happy
06671,sadness
23723,sadness
22546,happy
03019,sadness
24026,happy
20869,happy
26410,sadness
13812,happy
09974,sadness
07339,happy
06312,happy
26257,sadness
22405,happy
14988,happy
27629,sadness
08958,sadness
11478,happy
22780,sadness
14470,sadness
00539,happy
13276,happy
11939,sadness
14374,happy
09895,sadness
01031,happy
15420,happy
15948,sadness
07895,happy
21534,happy
18011,sadness
13249,happy
18600,happy
09328,happy
17743,happy
19006,sadness
27228,happy
05177,happy
09426,happy
15710,sadness
14795,sadness
19821,happy
14975,sadness
24126,sadness
03947,happy
10865,sadness
02546,happy
22984,happy
28516,sadness
10248,happy
07556,sadness
00800,sadness
18213,sadness
14384,sadness
00607,happy
27739,sadness
20122,happy
27401,sadness
06832,happy
17579,sadness
12051,happy
27643,happy
12297,sadness
09172,happy
01408,happy
16025,sadness
10753,happy
07989,sadness
21927,sadness
14355,happy
19274,happy
17470,sadness
27449,sadness
19117,sadness
22225,sadness
10225,happy
05841,sadness
18264,sadness
14474,sadness
00124,happy
00626,sadness
02339,sadness
21473,sadness
09538,sadness
17037,happy
12995,happy
02138,sadness
06720,sadness
11172,happy
08607,sadness
00204,sadness
11720,happy
05975,happy
10671,happy
12822,sadness
15884,happy
11640,sadness
11703,happy
22365,happy
20352,happy
12166,sadness
00511,happy
14134,happy
24949,happy
11501,sadness
07806,sadness
12185,sadness
27460,sadness
09652,happy
24442,sadness
26415,happy
13630,sadness
24732,sadness
17680,sadness
11326,sadness
28138,happy
19695,sadness
27227,happy
19015,happy
19621,happy
14090,happy
21829,happy
26716,sadness
08696,sadness
20279,happy
15682,sadness
28212,sadness
11012,happy
00142,sadness
06786,sadness
05569,sadness
13859,sadness
20716,happy
25578,happy
01921,happy
21087,happy
15163,sadness
05435,happy
16876,happy
12614,sadness
07705,happy
07730,sadness
00232,happy
27179,sadness
14836,sadness
08913,sadness
15992,sadness
20240,happy
03263,sadness
06434,sadness
18045,sadness
12428,happy
22271,sadness
27495,sadness
27357,sadness
17675,sadness
17219,happy
15326,sadness
01405,sadness
22594,sadness
07850,happy
10983,happy
22256,happy
12324,happy
00067,happy
14785,sadness
20638,happy
23029,sadness
27810,sadness
03881,happy
24879,happy
26242,happy
18442,happy
27175,happy
08304,sadness
12078,happy
13628,sadness
11489,happy
03910,happy
02365,sadness
09114,happy
25568,sadness
16679,sadness
27204,happy
25087,sadness
26502,happy
09009,happy
18714,happy
03381,happy
03508,happy
12349,happy
11234,happy
17621,sadness
22449,sadness
09545,happy
13674,happy
07179,happy
27952,happy
27621,happy
11923,sadness
21947,sadness
04298,sadness
08307,happy
13181,happy
14014,sadness
19035,sadness
25251,sadness
08129,happy
01139,happy
03205,sadness
15389,sadness
00437,happy
26423,sadness
09588,happy
06188,sadness
15453,happy
20994,happy
12790,sadness
13755,sadness
11826,happy
22712,happy
23165,happy
23933,happy
24416,sadness
10447,happy
08552,sadness
05308,happy
19861,happy
03154,happy
13906,sadness
20522,happy
02573,sadness
21127,happy
11088,happy
18944,sadness
25470,happy
09255,happy
15792,sadness
12659,sadness
16827,happy
23322,happy
14757,happy
19775,happy
20347,happy
09246,sadness
19339,happy
11792,happy
07375,happy
27197,sadness
10347,sadness
22910,sadness
15118,sadness
21474,happy
11419,happy
26748,sadness
17664,sadness
24079,happy
17784,sadness
19826,happy
06719,happy
24618,happy
23721,sadness
19426,happy
20032,happy
10229,sadness
15891,happy
09819,happy
00641,happy
15867,happy
23115,sadness
26511,sadness
11620,sadness
24150,happy
24183,happy
10454,sadness
23407,sadness
20667,sadness
27078,sadness
16818,sadness
20781,sadness
06544,happy
04273,sadness
22413,happy
18939,sadness
26959,happy
12296,sadness
18755,happy
00549,sadness
16171,happy
13643,happy
15561,sadness
20809,happy
08041,happy
25738,happy
11333,sadness
20787,happy
24363,happy
05431,sadness
18576,happy
21827,sadness
04005,happy
25747,sadness
21769,happy
17022,sadness
03767,sadness
21837,happy
19791,happy
25617,sadness
23508,happy
11221,sadness
27384,happy
14228,happy
00098,sadness
13854,happy
09928,sadness
11080,sadness
21172,sadness
09944,happy
07603,happy
08903,sadness
24976,happy
05137,happy
08490,sadness
12944,sadness
09341,happy
12902,happy
13435,sadness
05588,happy
28307,happy
02035,happy
25080,happy
03328,sadness
21914,sadness
20930,sadness
08188,sadness
01926,sadness
20772,happy
17576,happy
11508,sadness
28344,happy
25067,happy
17588,happy
23210,happy
10610,happy
13762,happy
08988,sadness
07208,sadness
24864,happy
12734,sadness
10485,happy
08657,happy
15371,sadness
12721,sadness
00153,sadness
04773,happy
23110,sadness
13120,sadness
21592,happy
04315,happy
23648,sadness
10876,sadness
09338,happy
07817,happy
14322,sadness
14145,sadness
09139,sadness
12092,sadness
17682,sadness
18886,sadness
07566,sadness
08117,happy
14458,sadness
14273,sadness
28249,happy
09448,happy
15349,happy
25873,sadness
25972,sadness
16688,sadness
18689,sadness
19679,sadness
19555,happy
21524,sadness
11851,sadness
16683,happy
07436,happy
18572,sadness
23316,happy
27671,sadness
00125,happy
14475,happy
21996,happy
07815,sadness
14459,happy
03418,happy
04594,happy
09900,happy
26470,sadness
00028,happy
06173,sadness
09946,sadness
22208,happy
07747,sadness
08962,sadness
08758,happy
09111,happy
08442,happy
13888,happy
09171,sadness
14996,sadness
16596,sadness
12061,happy
25279,happy
24885,happy
09903,sadness
16542,sadness
17432,sadness
21297,sadness
27585,happy
20836,happy
28427,sadness
15554,happy
25420,happy
13749,happy
04909,sadness
13381,sadness
09374,happy
13509,sadness
13049,happy
09284,happy
07058,happy
16762,happy
12521,sadness
09986,sadness
24140,sadness
08649,sadness
28697,happy
21208,sadness
07071,happy
25705,happy
26491,sadness
02748,sadness
19478,sadness
23075,sadness
15927,happy
17694,happy
16460,happy
14572,happy
24628,sadness
21540,happy
19518,sadness
12286,happy
26832,happy
03390,happy
20002,happy
12447,happy
25672,sadness
25753,sadness
21748,happy
16665,sadness
25936,happy
13848,happy
19933,sadness
22589,happy
24588,happy
17711,happy
12077,happy
17482,happy
08238,happy
20923,happy
10685,happy
17604,happy
05494,happy
23121,sadness
14065,happy
20431,sadness
22925,sadness
28040,sadness
26550,happy
06563,sadness
14350,happy
10688,happy
03770,sadness
04164,happy
23671,happy
00291,sadness
23934,happy
14840,happy
11700,happy
15382,happy
21677,happy
09350,happy
23442,sadness
13063,happy
27246,happy
10574,sadness
17237,happy
23670,sadness
21602,happy
16994,sadness
19393,happy
26731,sadness
09326,happy
08652,sadness
01144,sadness
22112,happy
18952,happy
28597,happy
14718,sadness
00866,sadness
22544,sadness
14656,sadness
19069,sadness
11162,sadness
14693,happy
01494,sadness
06659,happy
18951,happy
15159,sadness
11790,happy
21456,happy
20428,happy
12837,happy
16438,sadness
14734,happy
13761,happy
01580,happy
03141,happy
16951,happy
20307,sadness
00187,happy
17128,happy
04112,sadness
10752,sadness
22454,happy
03611,happy
22608,sadness
22021,happy
03126,happy
24045,happy
16549,happy
22301,sadness
17229,happy
21961,sadness
26676,happy
11766,sadness
00309,happy
22541,sadness
19383,happy
19728,sadness
09033,happy
20235,happy
07252,sadness
19700,sadness
23621,sadness
20529,happy
21339,happy
08864,happy
24999,sadness
17130,happy
16154,sadness
14581,happy
06628,happy
25142,happy
19716,happy
20481,sadness
01356,happy
00628,happy
20380,happy
08896,happy
10070,sadness
24728,happy
22115,happy
09112,sadness
07615,happy
26621,sadness
09279,sadness
09214,happy
18698,happy
19760,sadness
08316,sadness
18051,sadness
00822,happy
01713,happy
27645,sadness
27389,sadness
26940,sadness
24670,happy
14340,sadness
16136,happy
17525,happy
04528,happy
25135,happy
16357,happy
26632,happy
24550,sadness
08847,sadness
27716,sadness
23010,sadness
08437,happy
23298,sadness
20523,sadness
20631,happy
00213,happy
07095,happy
25505,sadness
14600,happy
16729,happy
14222,sadness
23827,happy
10765,happy
08461,happy
14155,happy
08709,sadness
25567,sadness
11874,happy
01138,happy
20039,sadness
25252,happy
23901,happy
10164,sadness
16108,sadness
15058,sadness
09766,happy
26532,happy
13571,sadness
27349,sadness
18225,sadness
21617,happy
00447,happy
00306,happy
25588,sadness
25356,sadness
18929,happy
16495,happy
13883,sadness
14743,sadness
00478,happy
13655,happy
19172,happy
22219,happy
12295,happy
04000,sadness
16126,happy
10724,happy
18681,sadness
19940,happy
06856,sadness
08658,happy
27271,sadness
28474,happy
25398,happy
26105,sadness
19461,sadness
15758,sadness
16315,sadness
24951,happy
14488,happy
07666,happy
19894,sadness
28415,happy
22093,sadness
19510,happy
08853,happy
21412,sadness
14449,happy
27083,happy
06673,sadness
10478,happy
24652,sadness
14388,sadness
17612,happy
25337,happy
28253,happy
17692,happy
13558,happy
17620,sadness
11504,happy
00054,happy
13423,sadness
00104,sadness
09800,sadness
10081,happy
10691,happy
15169,sadness
19037,sadness
17623,sadness
00899,sadness
03741,sadness
14972,sadness
16949,happy
22487,sadness
28615,happy
13618,happy
18457,sadness
11722,sadness
09160,happy
19315,happy
25285,sadness
11697,happy
12830,happy
13490,sadness
24918,happy
19191,sadness
15648,sadness
08828,sadness
22591,happy
11081,sadness
28043,sadness
11761,sadness
20661,sadness
22836,sadness
24102,happy
15616,sadness
12581,sadness
24100,sadness
02313,happy
15447,sadness
25127,happy
27580,happy
02676,happy
01331,sadness
15558,sadness
24530,sadness
10480,happy
13765,sadness
26578,sadness
25963,happy
19842,happy
07923,sadness
13774,sadness
08524,sadness
21566,sadness
15940,happy
17807,happy
06904,sadness
08613,sadness
27552,happy
21883,sadness
28426,sadness
22210,sadness
25469,sadness
19652,happy
20012,sadness
26535,sadness
12193,happy
11595,sadness
24522,happy
09078,sadness
08148,sadness
24582,happy
25476,happy
01532,happy
22044,happy
13704,sadness
04261,happy
23335,happy
13984,happy
01923,happy
14522,sadness
24384,happy
20657,happy
25932,sadness
12791,sadness
08397,happy
23439,happy
10141,sadness
06170,sadness
16612,happy
17117,happy
10578,sadness
17360,happy
22067,sadness
11287,happy
20228,happy
06485,sadness
26668,sadness
04534,sadness
21521,sadness
02777,happy
19718,happy
18783,happy
24304,happy
23938,sadness
14364,happy
19049,happy
25819,happy
13040,sadness
00296,sadness
15154,happy
15624,sadness
11238,happy
23132,happy
27959,sadness
25277,happy
27501,sadness
09001,sadness
02912,sadness
23788,happy
14405,happy
02944,sadness
11048,happy
21612,happy
20583,happy
06922,sadness
23429,happy
27073,sadness
12775,sadness
18853,sadness
13718,happy
25063,happy
08276,happy
05534,sadness
26529,happy
23438,sadness
20887,happy
27056,happy
21356,happy
11702,sadness
16550,happy
16795,sadness
11495,happy
20348,happy
16042,happy
27788,sadness
21773,sadness
28508,sadness
24142,sadness
14940,happy
24519,happy
17346,sadness
15866,happy
23978,sadness
13625,happy
28367,happy
20309,happy
16808,sadness
19451,happy
19610,happy
11398,happy
17447,happy
27256,happy
09268,happy
19246,sadness
16372,sadness
26220,sadness
08205,sadness
23269,happy
10471,happy
19265,sadness
04032,sadness
09487,sadness
15983,sadness
12599,happy
21255,sadness
26878,sadness
17521,happy
26943,happy
09407,happy
28696,happy
17617,happy
20326,happy
25445,happy
27116,happy
19044,happy
02538,sadness
26258,happy
08339,happy
18027,happy
05380,happy
15338,sadness
14593,sadness
22099,sadness
25943,happy
28255,happy
23510,happy
23699,happy
25465,happy
11402,sadness
09169,happy
24251,happy
04237,sadness
00390,happy
13990,sadness
24947,sadness
15073,sadness
10179,happy
09166,happy
27420,sadness
07039,sadness
09706,sadness
09959,happy
04230,happy
00166,happy
04872,sadness
06464,sadness
22040,happy
21467,sadness
16035,sadness
11149,happy
20919,happy
09147,happy
19934,happy
07310,happy
26638,sadness
19558,happy
23105,sadness
28220,sadness
17380,sadness
10888,sadness
25380,sadness
18342,happy
25694,sadness
25141,sadness
02892,happy
24305,sadness
11658,happy
22003,sadness
20196,happy
07301,sadness
12892,sadness
27322,sadness
10094,sadness
11026,sadness
11273,sadness
18187,sadness
21702,happy
27873,happy
14086,happy
13115,sadness
27399,sadness
18550,sadness
21134,sadness
21980,sadness
08174,happy
08639,happy
19377,sadness
03394,sadness
24301,happy
16703,sadness
00844,happy
15660,sadness
02751,happy
02457,sadness
02607,sadness
14888,happy
26579,happy
07664,happy
24340,happy
17489,happy
25217,sadness
20645,happy
15165,happy
17115,happy
25650,sadness
13925,sadness
07945,sadness
21627,happy
23905,happy
08543,happy
07878,sadness
12406,sadness
01609,sadness
19764,sadness
08317,happy
20910,sadness
13645,sadness
20908,happy
15232,sadness
09599,happy
19467,happy
00285,sadness
20607,happy
28638,sadness
15071,sadness
06762,sadness
09372,sadness
09267,happy
14193,sadness
24590,happy
14130,happy
23391,happy
18266,happy
15448,happy
19659,sadness
25366,happy
23581,sadness
00451,happy
18907,happy
26238,happy
20418,happy
27079,sadness
15097,sadness
21182,sadness
19823,happy
20487,happy
11822,sadness
17144,happy
26865,happy
09643,sadness
13479,sadness
07264,sadness
23952,happy
27675,happy
25225,sadness
03237,happy
22522,happy
23238,sadness
08855,happy
10703,happy
22150,happy
17126,happy
09274,sadness
08029,happy
22730,happy
23496,happy
11746,happy
02828,happy
19320,sadness
19118,happy
16465,happy
19363,happy
17625,sadness
05994,happy
18962,sadness
15455,happy
11191,happy
13459,happy
28241,happy
21048,happy
22302,sadness
11159,sadness
08095,happy
08430,sadness
25510,happy
24580,sadness
14523,happy
13526,sadness
23947,sadness
20674,happy
11336,sadness
22111,happy
15512,sadness
12899,happy
15661,sadness
27373,happy
09051,sadness
01125,happy
00640,happy
18448,happy
18206,happy
11854,happy
06816,happy
27148,sadness
27082,sadness
23999,sadness
10650,happy
27371,happy
14782,happy
20333,sadness
17375,happy
19818,happy
12153,sadness
08475,sadness
08261,happy
02675,happy
08943,happy
26472,happy
15009,happy
11683,sadness
00430,happy
19968,happy
10720,sadness
15832,sadness
09719,sadness
15076,sadness
18807,sadness
19372,happy
26841,sadness
20351,sadness
10488,happy
28276,sadness
23542,happy
13885,sadness
17968,sadness
27993,happy
04864,happy
22614,happy
17658,happy
27347,happy
23018,sadness
16859,happy
15753,sadness
27294,happy
25827,happy
07475,happy
14569,happy
20580,sadness
19529,sadness
12221,sadness
18676,sadness
19580,happy
27111,sadness
08122,sadness
26460,happy
24354,sadness
22963,happy
24204,sadness
15158,happy
20258,sadness
10436,sadness
04804,happy
05787,happy
22693,happy
22468,sadness
24752,sadness
15857,sadness
08632,happy
21075,happy
12207,happy
17224,sadness
23965,sadness
17778,happy
03804,sadness
26113,happy
21242,happy
23852,happy
27104,sadness
04292,sadness
12209,sadness
15211,happy
20087,sadness
10351,sadness
15908,happy
14465,happy
14995,sadness
24881,sadness
19163,sadness
01188,sadness
19218,sadness
13659,sadness
07961,sadness
25448,sadness
10793,sadness
17419,happy
13563,sadness
00195,happy
26150,sadness
27167,sadness
12323,happy
19271,sadness
25408,happy
01173,happy
13129,sadness
25748,sadness
21034,sadness
26746,happy
27854,sadness
17093,happy
09833,happy
07163,sadness
26563,happy
27797,sadness
14283,happy
23895,happy
15035,happy
07105,sadness
08434,sadness
18143,happy
12478,sadness
27856,happy
16551,happy
20365,sadness
12729,sadness
24085,happy
10587,happy
13639,happy
22796,sadness
14031,happy
04418,happy
14561,sadness
01153,happy
19182,happy
18040,sadness
25006,sadness
16010,sadness
25212,sadness
07479,happy
23889,sadness
13802,sadness
22596,happy
15484,happy
24927,happy
14192,happy
03724,happy
12912,sadness
24529,happy
16943,sadness
21124,happy
00770,sadness
16491,sadness
27714,happy
08383,sadness
20399,sadness
27236,sadness
11974,happy
19792,happy
27403,sadness
22119,happy
04647,happy
16164,happy
15653,happy
26810,sadness
21290,sadness
20466,happy
16246,happy
15429,sadness
03882,happy
20596,happy
02569,happy
19914,sadness
14025,happy
17331,happy
12040,sadness
24233,happy
24135,sadness
09647,happy
09238,sadness
19025,happy
12030,happy
27786,happy
14633,sadness
09653,sadness
23449,sadness
28502,happy
23908,sadness
24859,happy
27043,sadness
18289,happy
00637,happy
19600,sadness
27452,happy
15883,happy
16311,happy
11500,sadness
25325,sadness
10697,sadness
17580,sadness
08974,sadness
06521,happy
12449,happy
17948,sadness
19457,sadness
13538,happy
16863,sadness
05101,sadness
08287,happy
27665,sadness
13219,happy
24308,sadness
24068,happy
24783,happy
09015,sadness
09155,happy
23241,happy
16275,happy
27263,happy
09639,happy
15803,happy
09123,sadness
08101,sadness
04795,happy
09278,happy
04771,sadness
20828,sadness
28477,happy
19407,happy
02077,sadness
19443,sadness
08390,sadness
16013,sadness
17871,sadness
21395,happy
14200,sadness
24390,sadness
15406,sadness
14839,sadness
18188,sadness
12600,happy
18683,sadness
22823,sadness
19927,sadness
10311,sadness
25414,sadness
27487,sadness
27212,happy
17142,sadness
16411,sadness
24746,happy
21772,sadness
10276,sadness
08504,happy
16505,sadness
12041,happy
27258,happy
18483,happy
10059,happy
10193,happy
23786,happy
14546,happy
16706,happy
26479,happy
24953,sadness
24440,happy
13494,happy
21552,sadness
00371,happy
20128,happy
16896,sadness
24454,happy
18505,happy
00008,sadness
14662,sadness
22194,sadness
11085,sadness
07959,sadness
21815,happy
14948,happy
02175,happy
26753,sadness
19706,sadness
20861,happy
17010,happy
14962,sadness
26352,happy
09516,happy
08082,sadness
14582,happy
07827,happy
24310,sadness
19657,sadness
11533,happy
24957,sadness
00315,happy
18728,sadness
20981,happy
00006,sadness
15294,happy
17770,happy
27303,sadness
05108,happy
25377,sadness
25759,happy
09138,happy
18367,happy
15240,sadness
27507,sadness
24563,sadness
01604,happy
03206,happy
10675,sadness
04484,happy
05166,sadness
24043,happy
15475,happy
13716,sadness
22014,happy
17666,sadness
27433,happy
16242,sadness
12690,happy
28069,sadness
14271,sadness
21590,happy
18286,happy
08473,sadness
20371,sadness
24750,happy
20379,sadness
28262,happy
08121,sadness
13183,sadness
23856,happy
14251,happy
07173,happy
01633,happy
26477,happy
01208,sadness
06644,happy
14191,happy
21746,happy
18102,sadness
10621,happy
11409,sadness
22104,happy
20390,happy
10525,sadness
18987,sadness
14566,sadness
15018,sadness
12172,happy
20945,sadness
28608,happy
28021,happy
14880,sadness
14654,happy
08222,sadness
18692,sadness
21052,sadness
03075,sadness
02983,sadness
15858,sadness
26604,happy
09618,happy
23452,sadness
25286,happy
02587,happy
25342,happy
15411,happy
08298,sadness
09921,happy
20286,happy
11554,happy
02840,sadness
27528,sadness
09454,sadness
21080,happy
15782,sadness
04143,sadness
07460,happy
25049,sadness
14055,sadness
04238,happy
15621,sadness
09935,sadness
04210,happy
00041,happy
18975,happy
01851,sadness
16366,sadness
28108,sadness
21305,sadness
09445,happy
26203,happy
08806,sadness
15185,happy
24933,sadness
08235,happy
15249,sadness
16839,happy
08831,happy
14963,happy
22511,sadness
28174,happy
18452,sadness
14568,happy
20519,sadness
06374,happy
15744,sadness
16663,happy
04379,sadness
10807,sadness
27180,happy
20838,happy
28273,sadness
21180,happy
23909,happy
17615,happy
26644,happy
24526,sadness
10293,sadness
20704,sadness
12857,sadness
03823,sadness
25073,happy
18541,happy
26633,happy
26766,sadness
24346,sadness
08793,happy
19033,sadness
08403,happy
09912,happy
07561,happy
09635,happy
26953,happy
13505,sadness
07157,happy
11583,sadness
20946,sadness
05016,sadness
18961,happy
10468,sadness
19880,happy
10449,sadness
04267,happy
20013,sadness
18410,sadness
17882,sadness
26079,happy
15613,happy
07518,sadness
13226,happy
04389,sadness
18540,sadness
16184,sadness
06222,happy
14084,sadness
18245,happy
17648,sadness
00058,sadness
10641,sadness
12982,happy
06984,sadness
18110,happy
23552,happy
17215,happy
18124,happy
02101,happy
07723,sadness
25982,sadness
14892,sadness
27446,sadness
01772,happy
15095,happy
09605,sadness
15789,sadness
22524,sadness
24066,sadness
00696,happy
15577,sadness
26006,happy
16592,sadness
17657,sadness
01263,happy
27862,happy
25837,sadness
26934,sadness
26624,happy
11650,sadness
12121,happy
03972,sadness
00196,happy
13076,happy
05217,sadness
23175,sadness
26660,sadness
08447,happy
26231,sadness
26276,sadness
16573,sadness
01686,sadness
23657,happy
27948,sadness
21788,sadness
19192,sadness
02261,happy
19447,happy
02508,happy
11183,happy
26872,happy
27784,sadness
05600,happy
13074,sadness
20378,happy
20766,sadness
17962,sadness
14226,sadness
18018,happy
01526,happy
26963,sadness
13901,sadness
24109,happy
13877,happy
24334,sadness
28657,sadness
19505,happy
20807,sadness
24336,happy
11666,happy
09222,happy
14160,sadness
20429,happy
02879,happy
28581,sadness
20971,sadness
24910,happy
22738,happy
05228,sadness
07084,sadness
07268,sadness
08723,sadness
03059,sadness
23541,happy
23850,happy
09709,sadness
15831,sadness
17275,happy
25477,sadness
25076,happy
19885,sadness
15415,sadness
07986,sadness
13560,happy
20080,happy
15590,happy
13867,happy
11996,happy
15541,happy
08510,sadness
09151,sadness
10344,sadness
13053,happy
17914,happy
28375,happy
25726,happy
08996,happy
09739,happy
25056,happy
26856,sadness
21757,happy
26673,sadness
06137,happy
14884,happy
20173,happy
21535,sadness
12668,happy
17389,sadness
14933,happy
15748,happy
06212,sadness
22220,sadness
21340,sadness
18723,sadness
14441,sadness
16293,sadness
19370,sadness
13089,sadness
12269,happy
11031,happy
18752,happy
05480,happy
20958,sadness
21957,happy
10995,happy
08376,sadness
22716,happy
12327,sadness
19597,happy
21657,sadness
27036,sadness
18655,happy
17867,sadness
01353,happy
10540,happy
02989,happy
16975,sadness
21237,happy
26642,sadness
26497,happy
16081,sadness
03893,happy
14277,happy
23960,happy
02555,sadness
25487,sadness
23168,sadness
28200,happy
02565,happy
17029,sadness
22934,happy
21482,happy
17690,sadness
14349,sadness
13574,happy
28073,happy
14321,sadness
03491,happy
23868,happy
12964,sadness
26991,happy
00086,happy
14932,happy
01846,happy
11079,happy
03078,happy
22384,sadness
19864,sadness
21209,sadness
13448,sadness
08476,happy
10272,sadness
28424,happy
26743,happy
14510,happy
08164,sadness
20208,happy
18086,happy
13228,happy
13388,happy
20731,sadness
18016,sadness
24303,happy
26328,sadness
24029,sadness
15815,sadness
02256,happy
08138,sadness
14161,happy
10730,sadness
06748,happy
22412,happy
12024,happy
20221,sadness
24027,happy
23619,sadness
23958,happy
07473,happy
17232,happy
17109,sadness
15711,sadness
27561,happy
16008,sadness
19812,happy
22490,sadness
14169,sadness
18930,sadness
24241,sadness
23599,sadness
27634,sadness
15092,sadness
25656,sadness
27171,happy
27226,happy
04705,sadness
03337,sadness
14319,sadness
25429,sadness
10398,sadness
21831,happy
11885,sadness
22445,sadness
22463,sadness
09687,happy
23271,happy
21439,sadness
15432,happy
09125,sadness
27601,happy
17970,happy
13012,sadness
16496,happy
25565,sadness
24845,sadness
23139,sadness
10477,sadness
05776,sadness
22903,sadness
05262,happy
13516,happy
16072,happy
26064,happy
04614,happy
22808,sadness
25385,sadness
17753,sadness
03342,happy
15522,happy
03567,happy
26110,sadness
20762,sadness
11355,happy
19312,sadness
13998,happy
24973,happy
13175,happy
21147,happy
22936,happy
11473,happy
17908,happy
00808,happy
22353,happy
09298,happy
17924,happy
22444,sadness
20503,sadness
24663,happy
00831,happy
08857,sadness
13697,happy
03437,happy
26060,sadness
23135,happy
07783,sadness
13911,sadness
24805,sadness
08604,happy
21364,happy
04129,sadness
19125,happy
26616,sadness
16022,happy
20114,happy
26346,sadness
21059,sadness
19414,happy
16063,happy
18300,happy
05083,sadness
13741,happy
12141,happy
22395,happy
10877,sadness
27647,sadness
17480,happy
18493,happy
27603,happy
01067,happy
09073,sadness
17030,happy
07993,sadness
27506,sadness
17089,sadness
14765,happy
21236,sadness
14006,sadness
21312,happy
26849,sadness
27851,happy
25987,sadness
23070,happy
15402,sadness
23836,sadness
21819,happy
00417,happy
22792,happy
24057,sadness
14843,sadness
11596,happy
03773,sadness
27089,happy
09855,sadness
19036,sadness
12512,sadness
10722,sadness
17455,happy
11340,happy
01812,sadness
13387,sadness
28684,sadness
27783,sadness
08335,happy
19943,sadness
08265,sadness
10386,happy
19748,happy
28105,happy
24592,happy
26567,sadness
23855,happy
12571,happy
14682,sadness
17078,sadness
27035,happy
10297,happy
10681,sadness
24394,happy
14360,sadness
06858,sadness
07762,happy
24263,happy
22687,sadness
21228,happy
08033,sadness
12444,happy
19205,sadness
05185,happy
13138,sadness
19382,sadness
24724,happy
18323,happy
03326,happy
03357,happy
10145,happy
13564,sadness
27522,happy
26982,happy
09385,happy
28191,happy
11357,happy
24052,happy
10106,sadness
12464,happy
12717,happy
15409,sadness
10453,sadness
14896,sadness
07555,happy
06657,happy
03692,happy
10769,sadness
22996,sadness
07706,happy
26098,happy
03365,sadness
26609,happy
18547,happy
25164,happy
01991,happy
15054,happy
04851,happy
10368,happy
00019,happy
16131,happy
20551,sadness
25456,sadness
26080,sadness
10892,sadness
26140,happy
23424,sadness
24658,sadness
13143,happy
21539,happy
16974,sadness
17242,happy
18453,sadness
16488,happy
01463,sadness
21379,happy
03352,happy
27392,happy
22744,happy
22406,happy
26608,happy
27160,happy
28194,sadness
17184,sadness
11515,happy
07671,sadness
19109,happy
16658,happy
22052,sadness
27260,happy
23020,happy
11131,happy
13726,sadness
13317,sadness
19856,sadness
27905,sadness
09286,sadness
09810,happy
13578,happy
18361,sadness
12545,sadness
22838,happy
10757,sadness
27345,sadness
27032,happy
10639,sadness
03420,happy
00444,sadness
11866,happy
07742,happy
27913,happy
00214,happy
14425,happy
02496,sadness
20107,sadness
12378,sadness
12943,happy
19160,sadness
20430,sadness
19210,sadness
05995,sadness
17094,happy
19919,sadness
09165,happy
03039,sadness
11562,sadness
20965,happy
05755,sadness
05676,sadness
11280,happy
23163,sadness
10828,happy
06542,happy
08529,happy
23736,sadness
28622,happy
05257,sadness
13370,sadness
22757,happy
12839,sadness
14997,sadness
09459,sadness
12344,sadness
28413,happy
18428,sadness
20334,happy
17221,happy
18066,happy
25091,happy
04611,happy
18494,sadness
25985,happy
02590,happy
28369,happy
12593,happy
17554,sadness
05504,sadness
21649,happy
13396,sadness
06149,happy
18400,happy
13383,happy
28589,happy
27578,sadness
01010,sadness
21158,sadness
04425,happy
28159,sadness
28363,happy
27727,sadness
25413,happy
13469,happy
11597,sadness
19219,sadness
24038,happy
24718,happy
16066,happy
12001,sadness
09750,happy
12122,sadness
22911,happy
11033,sadness
18173,sadness
24353,happy
13343,sadness
16636,happy
18831,sadness
00141,happy
19869,happy
25211,happy
28583,happy
12904,happy
11074,sadness
20111,sadness
00364,happy
22844,happy
16444,happy
15704,happy
19997,sadness
09812,happy
15913,happy
04761,happy
22922,sadness
12847,happy
22568,happy
16567,happy
00561,sadness
14764,sadness
15878,happy
19535,sadness
07616,happy
14517,happy
16635,happy
27045,sadness
17333,sadness
22276,sadness
16752,happy
27426,happy
02248,sadness
23453,happy
28133,happy
16458,happy
04941,sadness
08097,happy
27836,happy
27608,happy
20527,sadness
12152,happy
16139,happy
05642,happy
23211,happy
19400,sadness
27203,happy
10784,happy
19731,sadness
27718,sadness
09689,sadness
24510,sadness
19215,sadness
15515,sadness
15205,sadness
02007,happy
25920,happy
07901,sadness
16160,sadness
25059,sadness
18477,happy
13725,happy
22110,sadness
18351,happy
14336,happy
12604,sadness
19710,sadness
12337,sadness
04729,happy
23971,happy
23054,happy
02780,happy
09531,sadness
12708,sadness
02916,happy
08691,happy
28355,sadness
22450,happy
28099,happy
24294,happy
00532,happy
16697,sadness
16760,happy
18518,sadness
20921,sadness
21077,happy
28466,sadness
17966,happy
27693,sadness
13663,sadness
06073,sadness
18826,sadness
00231,happy
11778,sadness
28362,happy
20865,happy
13841,happy
05789,sadness
28376,happy
28143,happy
22689,happy
18101,happy
27184,happy
08885,happy
22565,sadness
23101,happy
05666,sadness
26675,sadness
27155,sadness
10635,sadness
14281,happy
27865,happy
14737,sadness
17361,happy
12351,happy
15812,happy
09154,happy
24861,sadness
19144,happy
07813,happy
12887,sadness
27333,sadness
04045,sadness
01531,sadness
06147,happy
08740,happy
18933,happy
24139,happy
27432,happy
25494,sadness
05150,sadness
21937,sadness
00422,happy
25444,sadness
25830,happy
06481,happy
14771,sadness
01563,sadness
21610,sadness
12617,happy
09547,sadness
07602,sadness
15523,happy
24983,happy
24450,happy
15737,sadness
12636,sadness
05071,happy
18756,happy
11857,happy
01461,happy
17597,sadness
07547,sadness
14556,happy
20393,happy
23728,happy
28512,happy
25310,sadness
13065,happy
23667,happy
16106,sadness
21810,happy
15966,sadness
12085,happy
21460,happy
27694,sadness
18345,sadness
00154,sadness
16597,happy
27628,sadness
27030,sadness
07037,sadness
00386,sadness
19875,sadness
00531,happy
15853,sadness
27468,happy
26424,sadness
17763,happy
09174,sadness
08086,sadness
00103,sadness
23435,happy
10891,happy
24009,sadness
26581,happy
04373,sadness
15189,happy
14871,sadness
02499,happy
07692,happy
13333,sadness
19197,happy
17032,sadness
26375,sadness
00016,sadness
24602,sadness
25981,happy
14227,happy
17240,sadness
15560,sadness
28274,sadness
27480,happy
15419,sadness
17728,happy
18324,happy
01648,happy
24906,sadness
20501,happy
08662,happy
11439,sadness
14397,happy
11733,sadness
27161,happy
25501,sadness
17827,happy
13477,sadness
11549,happy
21313,sadness
13631,happy
13562,sadness
09636,happy
03548,happy
09967,sadness
16935,happy
15346,happy
27779,happy
23471,happy
15784,happy
02838,happy
11614,sadness
04233,happy
25454,happy
16306,happy
27215,sadness
23630,happy
07676,sadness
22761,happy
18842,happy
16504,happy
21336,happy
15551,happy
27607,sadness
20655,happy
08098,happy
10171,happy
24249,happy
18710,sadness
27547,happy
00223,happy
07407,happy
10066,happy
10903,happy
13600,sadness
08659,happy
24636,sadness
16239,sadness
11068,happy
23042,happy
24275,sadness
17757,sadness
08914,sadness
18498,sadness
26831,sadness
04684,sadness
07373,sadness
21385,happy
09790,happy
28437,sadness
27539,happy
20248,sadness
24417,sadness
23136,happy
22056,happy
23969,happy
27755,happy
26147,sadness
04914,sadness
09713,happy
13404,happy
09899,sadness
21671,happy
28085,happy
17281,happy
28500,happy
07978,happy
23290,sadness
28656,sadness
24162,sadness
24073,sadness
26287,happy
12114,happy
25869,happy
25714,sadness
26093,sadness
27241,sadness
20395,sadness
26909,sadness
23726,sadness
08303,happy
26806,happy
05710,sadness
09497,happy
07546,happy
05057,sadness
14553,happy
20490,happy
17462,happy
10280,sadness
22790,sadness
07567,sadness
14054,happy
27198,happy
14157,happy
23936,happy
16631,happy
24536,sadness
14399,sadness
24487,sadness
17381,happy
14097,happy
20397,happy
08470,happy
22510,sadness
24889,sadness
20792,happy
21647,sadness
19588,happy
16279,sadness
17523,sadness
26836,happy
15428,sadness
10050,happy
26672,happy
24917,sadness
11785,happy
12728,happy
11582,sadness
19421,happy
09347,sadness
15776,happy
26398,sadness
15298,happy
21274,happy
05224,happy
16334,sadness
04662,happy
05229,sadness
21267,sadness
13272,sadness
26646,sadness
12462,sadness
13229,sadness
20914,happy
11313,sadness
19981,sadness
07710,sadness
21709,sadness
12926,happy
22290,happy
16905,happy
11507,happy
13584,sadness
27757,happy
00618,happy
04555,happy
06087,sadness
11990,happy
25933,happy
27368,happy
08191,sadness
21419,sadness
20460,sadness
16150,sadness
16840,happy
08941,happy
21348,happy
10224,happy
15026,happy
16356,happy
19164,happy
10424,happy
13947,sadness
16900,sadness
11356,sadness
16938,sadness
25769,sadness
23763,happy
19250,happy
08693,sadness
24570,sadness
08455,happy
14262,sadness
21783,sadness
19573,happy
26815,happy
16086,happy
09603,happy
24583,sadness
11509,sadness
18852,happy
13515,happy
11502,happy
07907,sadness
26521,sadness
10555,happy
10331,sadness
26977,sadness
20613,sadness
20046,sadness
15212,sadness
11793,happy
08953,happy
26890,sadness
00385,sadness
18514,happy
12730,sadness
24199,happy
26506,sadness
23426,happy
16157,happy
23862,sadness
28665,sadness
27878,sadness
10353,happy
13316,sadness
16245,sadness
09775,happy
17194,happy
17789,sadness
22574,sadness
21963,sadness
22189,sadness
23342,sadness
21053,happy
12437,happy
19565,sadness
26260,sadness
09455,happy
12562,sadness
14040,sadness
08355,happy
24665,happy
21201,happy
16832,happy
14879,happy
13972,sadness
19524,sadness
19945,sadness
09705,happy
11040,sadness
26503,sadness
24540,happy
27681,happy
16200,happy
10405,sadness
19542,sadness
19771,happy
06007,sadness
24560,happy
00343,happy
12625,sadness
16272,happy
25553,sadness
24572,happy
10289,happy
23681,sadness
18677,happy
00562,happy
05398,sadness
26670,sadness
19139,happy
19783,happy
01420,happy
18950,sadness
22819,happy
13793,sadness
17112,happy
17430,sadness
26976,sadness
20599,sadness
24559,happy
07511,sadness
09486,happy
15299,sadness
18061,happy
03031,happy
20304,happy
08722,happy
13929,happy
21302,sadness
22764,happy
13137,happy
19768,sadness
11210,happy
11209,sadness
07948,sadness
24129,happy
18895,happy
00334,happy
12267,happy
07659,happy
17804,happy
14502,happy
26297,sadness
08417,sadness
19068,happy
19353,sadness
10035,sadness
24236,happy
03450,sadness
25281,happy
20330,sadness
21149,happy
07877,happy
14318,sadness
10515,sadness
13178,happy
19063,happy
17982,happy
21039,sadness
06798,sadness
27343,happy
04447,happy
08477,sadness
17671,happy
14433,happy
22817,sadness
05629,sadness
06307,sadness
03028,sadness
22592,sadness
28008,happy
27869,sadness
12217,happy
10000,happy
15658,happy
28169,happy
13234,happy
11399,sadness
28157,happy
15787,sadness
27625,happy
10997,sadness
13461,happy
18662,happy
02485,sadness
28074,sadness
18488,sadness
16562,happy
24007,sadness
13764,happy
27259,sadness
17803,happy
02552,happy
24492,sadness
25236,happy
21935,sadness
10590,sadness
00082,happy
19137,happy
20000,happy
17268,sadness
23341,sadness
09413,happy
18047,sadness
17996,sadness
11242,happy
17655,happy
23476,happy
24784,happy
14759,sadness
05115,happy
22989,sadness
11284,happy
02372,happy
20468,sadness
14198,happy
11144,sadness
20552,happy
02582,happy
23687,sadness
16135,sadness
26873,happy
23063,happy
08836,happy
07647,sadness
08044,sadness
27118,happy
00616,sadness
18701,sadness
15476,sadness
07119,happy
18623,happy
27661,happy
11966,happy
21133,happy
19082,happy
07713,happy
08260,sadness
09837,happy
09391,sadness
09244,sadness
28192,sadness
18296,sadness
24874,sadness
16383,sadness
06025,happy
24945,sadness
24379,sadness
16834,happy
05291,happy
18729,sadness
21145,happy
21235,happy
06068,happy
10680,sadness
12000,happy
05033,happy
19857,happy
21778,sadness
22521,sadness
28612,happy
20504,happy
25002,sadness
23400,happy
05370,happy
10098,happy
07928,sadness
27903,happy
13056,happy
19976,happy
14508,happy
08548,sadness
25907,sadness
17888,sadness
02942,sadness
08717,sadness
23180,happy
08731,happy
20253,sadness
15403,sadness
04359,happy
05424,sadness
26254,happy
07576,happy
09631,happy
20455,happy
08777,happy
18282,sadness
25145,happy
18927,happy
15799,happy
23937,sadness
04572,sadness
12120,happy
04857,happy
16691,sadness
25794,happy
26538,happy
09816,happy
10284,sadness
14183,happy
08955,happy
26794,sadness
19722,happy
21027,happy
27611,sadness
15151,happy
20678,sadness
23549,happy
21542,happy
19127,sadness
21648,happy
18685,happy
20709,sadness
11801,sadness
23303,sadness
26925,sadness
07804,happy
11481,happy
17187,happy
17830,happy
15543,happy
25154,happy
11415,happy
02278,happy
00530,happy
19494,sadness
20361,sadness
15275,sadness
13032,happy
28321,sadness
22235,sadness
25564,sadness
00540,happy
28295,happy
07825,sadness
06369,sadness
08018,sadness
12648,happy
23353,happy
27543,sadness
09720,sadness
23411,sadness
23520,sadness
25821,sadness
27670,sadness
11907,sadness
17414,sadness
25218,happy
08153,sadness
27052,happy
28017,happy
28488,happy
22805,happy
20074,sadness
11685,happy
17884,sadness
26871,sadness
15320,happy
11691,happy
28562,sadness
11352,happy
06704,sadness
17602,happy
10631,sadness
15161,happy
15707,happy
12611,sadness
07621,happy
22740,happy
27407,happy
03082,sadness
12797,happy
28041,happy
09122,happy
15239,sadness
00317,sadness
18771,happy
19596,sadness
17608,sadness
01984,sadness
16487,happy
12849,sadness
12170,sadness
25111,sadness
18836,sadness
13943,sadness
27640,happy
17984,sadness
11077,happy
13727,sadness
20894,sadness
13917,happy
08036,happy
10683,happy
16278,sadness
26265,sadness
25768,happy
04738,happy
28348,happy
11884,happy
19509,sadness
10992,sadness
09892,sadness
16455,happy
08814,happy
25733,happy
14822,sadness
22732,sadness
08336,sadness
16408,sadness
18733,sadness
14223,happy
16838,happy
25736,happy
13153,sadness
28377,sadness
22804,happy
08116,happy
09549,happy
06574,sadness
02166,sadness
19879,sadness
02785,happy
02312,sadness
27587,happy
06994,happy
18564,sadness
16125,happy
24399,sadness
28299,happy
28691,sadness
16861,happy
19613,sadness
09256,sadness
22344,sadness
16619,sadness
24871,sadness
13283,happy
10483,sadness
15687,sadness
13106,happy
11365,happy
08966,sadness
12111,sadness
16629,sadness
24322,sadness
23412,happy
